ZIP,s01_bus,s16_bus,s24_bus,s26_bus,n01_bus,n13_bus,n15_bus,n16_bus,n34_bus,n35_bus,n36_bus,n37_bus,emp_cy,indarts_cy,indfood_cy,crmcytotc,hwfu18_o10,hwfu6_o10,medval_cy,avgval_cy,medval_fy,avgval_fy,acsmedval,medhinc_cy,avghinc_cy,pci_cy,mhigrwcyfy,acsavghinc,meddi_cy,avgdi_cy,acstotpop,medvalgrfy,medvalgrcy,havgmeddis,davgmeddis
92129,446.0,28.0,1.0,19.0,446.0,7.0,4.0,5.0,12.0,33.0,1.0,32.0,8536.0,106.0,531.0,22.0,1553.0,391.0,706961.0,740158.0,768643.0,794728.0,753815.0,124621.0,161417.0,56792.0,3.24,138093.0,102020.0,114229.0,16268.0,0.08724938539836653,-0.0621557515361839,1.2952528446020766,1.1196616382901559
92672,1537.0,122.0,25.0,31.0,1537.0,29.0,6.0,39.0,23.0,149.0,25.0,124.0,9192.0,314.0,1128.0,55.0,1214.0,319.0,1072889.0,1175612.0,1121633.0,1224692.0,1149472.0,96517.0,144265.0,60368.0,2.85,142989.0,78476.0,100506.0,16035.0,0.04543243016525459,-0.06662444441931216,1.4946952899977206,1.2807064490232807
92110,2017.0,176.0,23.0,65.0,2017.0,41.0,11.0,30.0,54.0,203.0,23.0,181.0,5655.0,244.0,607.0,75.0,889.0,311.0,917712.0,936384.0,969664.0,1013927.0,922201.0,80280.0,119593.0,46498.0,3.83,,64862.0,86015.0,13908.0,0.056610291016908336,-0.004867697098900241,1.4896799990035001,1.326102708786211
92004,76.0,6.0,7.0,1.0,76.0,4.0,1.0,0.0,3.0,13.0,7.0,6.0,347.0,15.0,26.0,60.0,45.0,8.0,228879.0,302061.0,389744.0,484007.0,259615.0,57587.0,91422.0,41568.0,6.92,127071.0,49505.0,68287.0,651.0,0.7028355470115344,-0.11839023788980649,1.5875182329652011,1.3793681573950631
92128,880.0,50.0,3.0,27.0,880.0,8.0,2.0,9.0,20.0,55.0,3.0,52.0,4756.0,65.0,65.0,41.0,713.0,167.0,730720.0,812240.0,804508.0,883880.0,671123.0,107818.0,159845.0,67911.0,2.53,134527.0,88389.0,109865.0,12580.0,0.10097971729292028,0.08880177135670904,1.4825309082814717,1.2429573481163028
92107,1017.0,90.0,7.0,38.0,1017.0,27.0,4.0,17.0,26.0,98.0,7.0,91.0,15444.0,595.0,1611.0,74.0,1053.0,435.0,890237.0,963985.0,937850.0,1032391.0,881821.0,94660.0,125301.0,61325.0,2.99,113562.0,75931.0,90745.0,25065.0,0.05348345049301423,0.009543876201773147,1.3236813471228912,1.195082442185113
92109,1733.0,197.0,27.0,65.0,1733.0,35.0,5.0,42.0,41.0,229.0,27.0,201.0,14992.0,492.0,1653.0,103.0,517.0,252.0,970232.0,1061416.0,1035519.0,1128450.0,952617.0,89990.0,122962.0,64522.0,3.31,121903.0,71882.0,88074.0,22326.0,0.06729002208747796,0.018491147553373964,1.3663810825526996,1.2252410166520595
91948,0.0,0.0,0.0,0.0,0.0,0.0,0.0,0.0,0.0,0.0,0.0,0.0,2.0,0.0,0.0,150.0,1.0,0.0,687500.0,670000.0,791667.0,775000.0,275000.0,50000.0,74768.0,26494.0,11.43,83769.0,41420.0,58843.0,13.0,0.15151541597757676,1.4999945454743802,1.495330093398132,1.420607904203182
91931,6.0,1.0,1.0,0.0,6.0,0.0,0.0,0.0,0.0,2.0,1.0,1.0,54.0,5.0,9.0,137.0,8.0,2.0,518519.0,521635.0,601351.0,605000.0,375000.0,77283.0,85354.0,30407.0,1.7,75101.0,58889.0,66638.0,155.0,0.15974697215150813,0.3827163127564993,1.1044200610734434,1.1315673289183223
92036,13.0,0.0,2.0,0.0,13.0,0.0,0.0,1.0,0.0,2.0,2.0,0.0,378.0,4.0,38.0,60.0,53.0,5.0,787815.0,757613.0,874260.0,905916.0,385766.0,61299.0,65235.0,25683.0,2.7,76753.0,51565.0,52424.0,701.0,0.10972739827573952,1.0422068243266014,1.0641924959216966,1.0166388705736338
91932,577.0,58.0,1.0,11.0,577.0,18.0,7.0,3.0,8.0,63.0,1.0,61.0,13087.0,416.0,1159.0,66.0,1955.0,472.0,592626.0,634194.0,663445.0,734027.0,575837.0,61944.0,84679.0,28687.0,4.07,79208.0,52167.0,65217.0,28569.0,0.11950012402404886,0.029155769504617617,1.3670029865203002,1.2501341818739458
92127,592.0,31.0,0.0,20.0,592.0,6.0,1.0,8.0,16.0,32.0,0.0,32.0,6611.0,160.0,159.0,47.0,1874.0,639.0,957366.0,1040747.0,999902.0,1100280.0,908623.0,200001.0,225531.0,67674.0,0.0,206477.0,142331.0,147816.0,14627.0,0.044430192392259184,0.053644851995985135,1.1276437235627643,1.0385296349380322
92130,180.0,14.0,1.0,3.0,180.0,1.0,0.0,7.0,3.0,15.0,1.0,14.0,5482.0,74.0,138.0,65.0,874.0,248.0,1339679.0,1417250.0,1361135.0,1436199.0,1317053.0,200001.0,256122.0,81112.0,0.0,224748.0,150566.0,161266.0,11148.0,0.01601576495879613,0.017179250053528557,1.2805971940280598,1.0710580671727536
92014,637.0,41.0,12.0,20.0,637.0,6.0,1.0,16.0,19.0,53.0,12.0,41.0,3557.0,96.0,70.0,88.0,535.0,118.0,1787004.0,1743126.0,1801895.0,1769824.0,2000001.0,174955.0,248317.0,111862.0,2.71,264330.0,126492.0,153622.0,6908.0,0.008332936953170248,-0.1064983935016065,1.419311141086902,1.2144703659491038
92075,1558.0,79.0,7.0,54.0,1558.0,16.0,4.0,30.0,43.0,88.0,7.0,81.0,5228.0,80.0,421.0,69.0,701.0,191.0,1617605.0,1577321.0,1660207.0,1623020.0,1692262.0,127268.0,193310.0,85218.0,3.65,173168.0,104293.0,127644.0,9244.0,0.02633645028517451,-0.04411666508101873,1.5189087680424926,1.2238863213607687
92007,691.0,33.0,2.0,20.0,691.0,11.0,4.0,9.0,17.0,36.0,2.0,34.0,6855.0,142.0,303.0,47.0,881.0,273.0,1126087.0,1239047.0,1202890.0,1298705.0,1302974.0,135426.0,192772.0,77299.0,2.59,171438.0,106619.0,127168.0,12081.0,0.06820337309339945,-0.13575625011991788,1.423438457619234,1.19272181579441
92024,1669.0,89.0,12.0,51.0,1669.0,18.0,7.0,23.0,36.0,102.0,12.0,90.0,6034.0,168.0,287.0,78.0,759.0,256.0,1204075.0,1286205.0,1274225.0,1343633.0,1249415.0,127433.0,179109.0,72859.0,3.5,165672.0,102998.0,119754.0,10947.0,0.05826044203189832,-0.03628895419940196,1.4055040256132587,1.1626714822474005
92066,8.0,1.0,0.0,0.0,8.0,0.0,0.0,0.0,0.0,1.0,0.0,1.0,80.0,4.0,5.0,72.0,13.0,1.0,279167.0,372701.0,480000.0,725000.0,332353.0,59569.0,95290.0,39311.0,1.51,97494.0,51550.0,72120.0,200.0,0.7193983551123337,-0.1600281627421364,1.5996306865872083,1.399002929138135
92067,165.0,9.0,1.0,5.0,165.0,1.0,0.0,0.0,4.0,11.0,1.0,9.0,569.0,30.0,14.0,30.0,146.0,13.0,2000001.0,2038150.0,2000001.0,2062394.0,2000001.0,142410.0,216775.0,81215.0,3.05,289121.0,109967.0,138460.0,1490.0,0.0,0.0,1.522178764280849,1.2590935544885784
92029,1762.0,66.0,6.0,18.0,1762.0,17.0,4.0,21.0,20.0,72.0,6.0,66.0,3485.0,93.0,168.0,114.0,466.0,142.0,478099.0,462489.0,540314.0,549556.0,441106.0,75022.0,92554.0,33791.0,3.7,84740.0,58988.0,71845.0,6466.0,0.1301296799832671,0.08386400578544435,1.2336750063313917,1.2179389377680585
92027,719.0,60.0,0.0,17.0,719.0,22.0,4.0,6.0,11.0,61.0,0.0,61.0,15034.0,442.0,1143.0,75.0,2638.0,554.0,449152.0,478523.0,581027.0,652858.0,430616.0,59942.0,81435.0,24865.0,4.89,76681.0,51303.0,64594.0,32458.0,0.2936081914180691,0.0430452118704092,1.3585406135829037,1.2590441291127397
92025,1950.0,118.0,4.0,38.0,1950.0,41.0,8.0,31.0,33.0,123.0,4.0,119.0,13917.0,535.0,1124.0,135.0,2338.0,525.0,520289.0,557618.0,645853.0,718328.0,444978.0,55247.0,74956.0,22439.0,3.11,62806.0,47261.0,58849.0,30691.0,0.24133464029675758,0.16924618914600464,1.3567187952505069,1.2451652490372815
92070,19.0,2.0,2.0,0.0,19.0,0.0,0.0,0.0,0.0,4.0,2.0,2.0,111.0,4.0,13.0,52.0,12.0,2.0,667683.0,811446.0,777778.0,1005312.0,487500.0,60415.0,103736.0,46917.0,4.42,100780.0,52009.0,75247.0,130.0,0.1648908765224268,0.3696053956812396,1.7170286016949152,1.4467794654874062
92026,864.0,66.0,5.0,15.0,864.0,26.0,7.0,12.0,9.0,72.0,5.0,67.0,16290.0,505.0,1169.0,90.0,2750.0,641.0,450967.0,487301.0,567687.0,645753.0,430242.0,56508.0,76160.0,24323.0,5.03,65259.0,48507.0,59960.0,37121.0,0.2588210249951216,0.04817045251172012,1.3477499159425932,1.236084769522553
92069,629.0,38.0,1.0,19.0,629.0,6.0,2.0,6.0,10.0,40.0,1.0,39.0,7422.0,211.0,580.0,50.0,1113.0,223.0,586055.0,627939.0,642264.0,728797.0,521602.0,88454.0,112360.0,40118.0,2.74,95302.0,71756.0,84360.0,15841.0,0.09591062970091595,0.12356715739748429,1.2702504098128993,1.1756344328776287
92009,357.0,21.0,2.0,9.0,357.0,7.0,1.0,5.0,7.0,23.0,2.0,21.0,6808.0,237.0,415.0,43.0,1325.0,252.0,916202.0,993362.0,938607.0,1032440.0,982677.0,155925.0,204929.0,75709.0,1.98,186556.0,114935.0,135674.0,12289.0,0.024454187554504844,-0.0676467774794999,1.3142708720803458,1.1804308484721933
92078,1411.0,103.0,2.0,31.0,1411.0,24.0,7.0,10.0,23.0,108.0,2.0,106.0,6099.0,149.0,445.0,79.0,855.0,203.0,330702.0,382932.0,451242.0,576409.0,332982.0,56899.0,83307.0,28969.0,6.4,73216.0,48810.0,63996.0,14853.0,0.3644962398284866,-0.006847196403419994,1.4640949033391915,1.3110979082583845
92011,756.0,30.0,8.0,21.0,756.0,8.0,4.0,5.0,15.0,39.0,8.0,32.0,6309.0,114.0,307.0,94.0,1192.0,312.0,922137.0,984887.0,962045.0,1026633.0,919913.0,134505.0,183415.0,74631.0,2.67,165504.0,107373.0,125229.0,12881.0,0.04327768728758602,0.0024176172990083857,1.3636194667895856,1.166287928176281
92081,1011.0,37.0,2.0,20.0,1011.0,14.0,2.0,11.0,16.0,40.0,2.0,39.0,3422.0,41.0,211.0,121.0,522.0,152.0,579002.0,534869.0,618368.0,600173.0,537662.0,72842.0,99736.0,34486.0,4.83,94108.0,58999.0,75438.0,7977.0,0.06798928502961124,0.07688831107961679,1.3691912743846355,1.2786101694915255
92008,1338.0,97.0,20.0,38.0,1338.0,21.0,3.0,32.0,28.0,118.0,20.0,98.0,7567.0,228.0,546.0,95.0,819.0,232.0,870891.0,1035695.0,943769.0,1121721.0,921917.0,92170.0,128045.0,56919.0,2.95,105120.0,75010.0,93005.0,13757.0,0.08368201797697074,-0.05534765564833315,1.3892113571513818,1.2398848168935224
92010,271.0,11.0,0.0,13.0,271.0,3.0,1.0,5.0,9.0,11.0,0.0,11.0,6431.0,143.0,548.0,66.0,1138.0,286.0,721791.0,754567.0,799700.0,819000.0,777561.0,129958.0,166657.0,60908.0,3.32,118671.0,104012.0,115703.0,11476.0,0.10793829801383224,-0.0717241840522042,1.2823813664309514,1.1123897974291674
92086,1.0,0.0,0.0,0.0,1.0,0.0,0.0,0.0,0.0,0.0,0.0,0.0,97.0,6.0,6.0,79.0,11.0,2.0,253571.0,405734.0,417308.0,640138.0,277273.0,67127.0,84256.0,35144.0,4.71,92640.0,53297.0,65689.0,274.0,0.6457219251336899,-0.08548223057336786,1.255154332022405,1.2324852714923638
92082,62.0,1.0,1.0,2.0,62.0,1.0,0.0,0.0,3.0,2.0,1.0,1.0,374.0,8.0,10.0,113.0,61.0,12.0,677696.0,765571.0,746988.0,862209.0,646802.0,91290.0,123381.0,37464.0,6.51,97624.0,74631.0,90287.0,968.0,0.1022462841063189,0.0477641569380476,1.3515132926575457,1.2097625683352986
92060,0.0,0.0,0.0,0.0,0.0,0.0,0.0,0.0,0.0,0.0,0.0,0.0,0.0,0.0,0.0,0.0,0.0,0.0,0.0,0.0,0.0,0.0,0.0,0.0,0.0,0.0,0.0,0.0,0.0,0.0,0.0,0.0,0.0,0.0,0.0
92536,12.0,0.0,0.0,0.0,12.0,0.0,0.0,0.0,0.0,0.0,0.0,0.0,255.0,7.0,5.0,37.0,40.0,6.0,544355.0,590432.0,667683.0,726389.0,381548.0,106965.0,135151.0,49700.0,3.53,96689.0,85486.0,97390.0,406.0,0.22655762038078023,0.4267001092913361,1.2634949423181199,1.1392375448898664
92059,41.0,2.0,1.0,1.0,41.0,1.0,0.0,1.0,3.0,2.0,1.0,2.0,450.0,41.0,10.0,169.0,74.0,15.0,710577.0,928605.0,856436.0,1126424.0,356977.0,116988.0,160425.0,49419.0,2.69,128006.0,97993.0,113352.0,1226.0,0.2052681056829792,0.9905372319862848,1.3712827701749737,1.156723881053942
92054,1138.0,120.0,19.0,37.0,1138.0,24.0,4.0,21.0,32.0,142.0,19.0,124.0,9418.0,100.0,1210.0,196.0,1164.0,340.0,700291.0,776653.0,763199.0,852780.0,606465.0,61564.0,89731.0,39209.0,5.06,79130.0,51848.0,68336.0,19101.0,0.08983109902726291,0.15470941487239187,1.4575002030374402,1.3179810603868927
92028,749.0,49.0,2.0,16.0,749.0,18.0,7.0,12.0,14.0,54.0,2.0,52.0,6515.0,139.0,450.0,80.0,1318.0,342.0,530831.0,559211.0,605597.0,686653.0,466017.0,57148.0,78097.0,23363.0,2.26,72569.0,48954.0,61338.0,16304.0,0.14084682159327244,0.13908046470308014,1.3665505958109503,1.2529465835971811
92058,667.0,67.0,8.0,19.0,667.0,14.0,3.0,20.0,19.0,77.0,8.0,69.0,8061.0,69.0,1053.0,178.0,1406.0,426.0,615462.0,698586.0,671803.0,827838.0,530188.0,56098.0,78817.0,29426.0,4.81,69347.0,48287.0,61792.0,19339.0,0.09154246477854883,0.16083698454702003,1.4049626553057988,1.2796554009277668
92061,19.0,1.0,1.0,1.0,19.0,1.0,0.0,0.0,1.0,2.0,1.0,1.0,272.0,19.0,8.0,76.0,65.0,8.0,743280.0,772785.0,840909.0,888568.0,663580.0,116331.0,161176.0,55290.0,2.32,110882.0,97872.0,112883.0,558.0,0.1313487093037492,0.12010591020538562,1.3854829281710965,1.1533620099516722
92055,39.0,5.0,1.0,5.0,39.0,1.0,0.0,0.0,2.0,6.0,1.0,6.0,493.0,3.0,39.0,97.0,330.0,182.0,0.0,0.0,0.0,0.0,625000.0,54461.0,70716.0,17435.0,3.32,65042.0,46605.0,58480.0,3874.0,0.0,-0.99999840000256,1.2984466233337006,1.25477406342531
92057,290.0,20.0,0.0,10.0,290.0,5.0,2.0,4.0,8.0,22.0,0.0,21.0,8912.0,267.0,604.0,60.0,1616.0,445.0,577616.0,583518.0,631082.0,683794.0,504523.0,83019.0,112292.0,38220.0,2.5,107671.0,66653.0,83209.0,20780.0,0.0925630651452433,0.14487516946666562,1.3525897374126716,1.2483721907162362
92083,980.0,73.0,3.0,19.0,980.0,20.0,5.0,9.0,13.0,78.0,3.0,75.0,13358.0,200.0,1116.0,75.0,2164.0,461.0,525716.0,668623.0,639372.0,839273.0,452353.0,70178.0,90484.0,25445.0,3.22,99907.0,56868.0,70105.0,28607.0,0.21619236205030462,0.16218050464901382,1.289331566423004,1.2327454324851852
92084,1025.0,87.0,1.0,28.0,1025.0,25.0,6.0,15.0,19.0,89.0,1.0,88.0,13693.0,223.0,976.0,78.0,2211.0,444.0,500479.0,563281.0,602522.0,709168.0,473609.0,66907.0,91934.0,24951.0,3.56,96213.0,55876.0,70748.0,27823.0,0.20389026534526855,0.05673444395177467,1.3740359897172236,1.2661381248098502
92140,1719.0,162.0,29.0,60.0,1719.0,25.0,10.0,23.0,56.0,195.0,29.0,166.0,3061.0,138.0,286.0,93.0,580.0,207.0,954427.0,1056881.0,994266.0,1115017.0,875691.0,100414.0,140686.0,43130.0,2.81,,78650.0,99022.0,9569.0,0.04174123139723478,0.08991289174732668,1.4010456605088881,1.2590049713290359
91916,18.0,2.0,1.0,1.0,18.0,0.0,0.0,0.0,1.0,3.0,1.0,2.0,225.0,20.0,12.0,127.0,31.0,5.0,675987.0,700000.0,807955.0,843408.0,420000.0,109928.0,136351.0,52732.0,2.84,134914.0,90514.0,101069.0,489.0,0.1952224003976402,0.6094914059728429,1.2403551383165499,1.116599458653262
91906,12.0,0.0,0.0,1.0,12.0,1.0,0.0,0.0,1.0,0.0,0.0,0.0,356.0,25.0,13.0,63.0,61.0,13.0,270548.0,303629.0,598438.0,618898.0,293865.0,77354.0,87830.0,29927.0,2.08,99461.0,66003.0,72170.0,1491.0,1.211943123057191,-0.07934568817079894,1.1354146467584514,1.0934185806920793
91905,9.0,0.0,0.0,0.0,9.0,0.0,0.0,0.0,0.0,1.0,0.0,0.0,28.0,1.0,0.0,151.0,11.0,1.0,638889.0,618750.0,800926.0,789362.0,283333.0,45891.0,75645.0,26754.0,6.82,80043.0,39689.0,59533.0,213.0,0.2536226893518446,1.2549005767045254,1.6483265057090561,1.499949609473419
91962,26.0,3.0,2.0,0.0,26.0,1.0,0.0,0.0,0.0,4.0,2.0,3.0,561.0,16.0,48.0,65.0,70.0,13.0,649194.0,660563.0,767760.0,749133.0,525157.0,124452.0,156710.0,61534.0,1.43,117913.0,102073.0,112342.0,1104.0,0.182635417709625,0.23618987047707546,1.259190216386909,1.1005936869330093
92259,4.0,0.0,0.0,0.0,4.0,0.0,0.0,0.0,0.0,0.0,0.0,0.0,41.0,1.0,1.0,75.0,6.0,1.0,638889.0,718750.0,718750.0,926562.0,696429.0,161081.0,188024.0,60467.0,2.59,166137.0,114750.0,129339.0,74.0,0.1249996086963327,-0.08262136898180722,1.1672564284029252,1.127127432440676
91917,3.0,0.0,0.0,0.0,3.0,0.0,0.0,0.0,0.0,0.0,0.0,0.0,44.0,0.0,6.0,87.0,12.0,2.0,678977.0,735959.0,750000.0,832639.0,573864.0,112070.0,147629.0,20240.0,3.09,114141.0,89932.0,102938.0,332.0,0.10460280009072459,0.18316677267301543,1.3172810093601377,1.144607652363426
92173,867.0,37.0,7.0,14.0,867.0,21.0,10.0,24.0,11.0,45.0,7.0,38.0,11086.0,226.0,958.0,143.0,2036.0,287.0,501900.0,629547.0,618056.0,781094.0,421834.0,52646.0,72473.0,19223.0,4.12,73851.0,45148.0,57617.0,27476.0,0.2314320951741479,0.18980407031185179,1.3765836609873308,1.2761522957319098
92154,645.0,60.0,5.0,13.0,645.0,25.0,8.0,6.0,8.0,68.0,5.0,63.0,14659.0,380.0,1390.0,79.0,2295.0,457.0,479223.0,500818.0,587885.0,619230.0,480802.0,59268.0,78638.0,24060.0,2.96,69706.0,50767.0,61870.0,32905.0,0.22674573894462716,-0.0032840893255657723,1.3267981575528522,1.218681058934762
91935,89.0,6.0,0.0,2.0,89.0,3.0,0.0,1.0,1.0,7.0,0.0,6.0,1057.0,27.0,47.0,135.0,169.0,16.0,773669.0,888538.0,888626.0,983442.0,745213.0,148871.0,190541.0,62133.0,0.78,165529.0,112474.0,130605.0,2210.0,0.14858660669277599,0.0381850045758668,1.2798981675533343,1.1611913758613026
91963,9.0,0.0,0.0,0.0,9.0,0.0,0.0,0.0,0.0,0.0,0.0,0.0,59.0,0.0,0.0,68.0,12.0,2.0,526316.0,465972.0,633065.0,638571.0,350000.0,38144.0,103253.0,29990.0,14.48,66852.0,33909.0,71986.0,58.0,0.20282263350794294,0.5037585606898266,2.706855420107485,2.1228546151577707
91915,422.0,51.0,3.0,15.0,422.0,13.0,1.0,17.0,7.0,54.0,3.0,51.0,10282.0,196.0,615.0,51.0,2033.0,540.0,632647.0,644805.0,667896.0,690646.0,606914.0,123803.0,160435.0,48169.0,1.65,132084.0,102076.0,113688.0,21502.0,0.055716607023178766,0.04239967705527133,1.2958789699848148,1.1137474651488581
91911,1337.0,106.0,7.0,22.0,1337.0,30.0,7.0,25.0,14.0,116.0,7.0,109.0,14433.0,324.0,1121.0,78.0,2191.0,445.0,436078.0,474251.0,544328.0,637687.0,434181.0,57698.0,75644.0,24423.0,3.47,72613.0,50038.0,59906.0,31636.0,0.24823483818298978,0.0043691355238125945,1.3110105894382917,1.1971861947680809
91913,490.0,49.0,2.0,18.0,490.0,14.0,2.0,13.0,8.0,52.0,2.0,49.0,14621.0,373.0,1037.0,64.0,3050.0,810.0,624917.0,673105.0,659618.0,749271.0,569183.0,113528.0,140899.0,41464.0,2.35,144123.0,93428.0,102806.0,32083.0,0.05552888538976314,0.09791912632821724,1.241083775951519,1.100364983035246
91910,1692.0,120.0,15.0,28.0,1692.0,36.0,6.0,49.0,20.0,139.0,15.0,124.0,16240.0,425.0,1586.0,82.0,2387.0,572.0,495654.0,519976.0,599618.0,637882.0,457343.0,53261.0,71331.0,25415.0,4.58,71137.0,45482.0,57138.0,35453.0,0.20975073387739457,0.08376845438007277,1.3392474935225864,1.2562495877580635
91914,866.0,42.0,5.0,41.0,866.0,8.0,0.0,10.0,24.0,51.0,5.0,45.0,7770.0,146.0,276.0,49.0,1815.0,356.0,692919.0,745552.0,755548.0,813860.0,627666.0,126674.0,160860.0,50181.0,2.43,135555.0,103000.0,114602.0,18755.0,0.09038417133291,0.10396117686607707,1.2698638247483718,1.1126299744662673
92118,1057.0,83.0,21.0,44.0,1057.0,8.0,3.0,28.0,35.0,107.0,21.0,86.0,5776.0,176.0,422.0,62.0,1103.0,233.0,1744541.0,1682428.0,1772682.0,1723242.0,1848898.0,125206.0,182132.0,73884.0,3.95,170769.0,102933.0,122080.0,15051.0,0.01613088134306884,-0.05644278027085309,1.4546471043951217,1.1860026813297841
91950,1305.0,110.0,12.0,18.0,1305.0,38.0,10.0,30.0,14.0,126.0,12.0,114.0,13614.0,181.0,1872.0,99.0,2170.0,416.0,461978.0,554964.0,589724.0,713621.0,442391.0,48349.0,69138.0,21834.0,2.86,60363.0,41190.0,54041.0,32113.0,0.2765190625547915,0.0442752129333261,1.4299482936918304,1.3119613507805103
91902,248.0,17.0,1.0,7.0,248.0,6.0,2.0,2.0,6.0,18.0,1.0,17.0,5446.0,74.0,399.0,41.0,839.0,188.0,645171.0,700315.0,775913.0,854280.0,597777.0,105103.0,130078.0,41705.0,3.48,128818.0,85196.0,96338.0,11717.0,0.20264673606418132,0.07928361364921425,1.2376122697518648,1.130767515288097
92139,314.0,27.0,1.0,7.0,314.0,9.0,1.0,0.0,5.0,29.0,1.0,28.0,11810.0,198.0,899.0,65.0,2161.0,533.0,509360.0,618420.0,629938.0,751490.0,476389.0,73489.0,92630.0,26618.0,3.88,92942.0,59019.0,72317.0,29253.0,0.236724052292971,0.06921010096769453,1.2604435977684039,1.225296509657743
92136,437.0,46.0,6.0,6.0,437.0,12.0,5.0,4.0,6.0,54.0,6.0,48.0,3668.0,22.0,629.0,111.0,674.0,97.0,483649.0,622416.0,691695.0,827931.0,398060.0,51823.0,70533.0,21136.0,1.0,,43884.0,55827.0,19388.0,0.43015817223198594,0.21501478416624586,1.3610103426983637,1.2721203144582431
92114,211.0,8.0,1.0,5.0,211.0,7.0,3.0,4.0,6.0,10.0,1.0,9.0,11952.0,257.0,1020.0,95.0,1819.0,300.0,483368.0,596214.0,607135.0,776027.0,461978.0,79136.0,99931.0,26612.0,3.16,95506.0,63304.0,76974.0,27227.0,0.2560507603921642,0.04630080588078679,1.2627595183037013,1.2159229128820788
92101,7769.0,627.0,117.0,183.0,7769.0,95.0,14.0,119.0,184.0,755.0,117.0,638.0,27056.0,816.0,2257.0,195.0,597.0,364.0,749566.0,861097.0,841768.0,949871.0,635895.0,78568.0,119172.0,69188.0,4.33,,62278.0,83125.0,44503.0,0.12300701605059988,0.17875721816146037,1.5167814277895861,1.3347195683938406
92102,2194.0,165.0,15.0,64.0,2194.0,64.0,13.0,19.0,54.0,185.0,15.0,170.0,22312.0,569.0,3516.0,160.0,2172.0,515.0,580720.0,651254.0,684740.0,800788.0,516497.0,54985.0,85956.0,38210.0,4.1,,46568.0,63573.0,44448.0,0.17912216021118574,0.12434317267443436,1.5632342778161714,1.3651356052309476
91901,295.0,23.0,2.0,6.0,295.0,8.0,2.0,4.0,5.0,26.0,2.0,24.0,3186.0,106.0,157.0,60.0,573.0,139.0,634681.0,672037.0,712697.0,792552.0,599822.0,84486.0,111585.0,41228.0,4.32,118869.0,67767.0,83657.0,6820.0,0.12292140000819309,0.05811547739916609,1.320735734491697,1.2344616928343761
92019,766.0,57.0,3.0,15.0,766.0,30.0,10.0,13.0,7.0,61.0,3.0,58.0,11520.0,506.0,947.0,68.0,1901.0,482.0,557021.0,620294.0,640162.0,779476.0,443124.0,69256.0,90728.0,30704.0,3.34,79608.0,55436.0,69291.0,24947.0,0.14925981379550537,0.2570313117066291,1.3100192038349914,1.2499052979057308
92105,1449.0,137.0,1.0,32.0,1449.0,53.0,7.0,30.0,23.0,142.0,1.0,141.0,26165.0,553.0,4255.0,94.0,4350.0,1008.0,607621.0,670426.0,680538.0,782836.0,484989.0,49524.0,73220.0,26986.0,3.52,73463.0,42256.0,57170.0,58488.0,0.12000388399366711,0.25285469803501104,1.4784452296819788,1.3529119435833117
92115,1092.0,103.0,5.0,27.0,1092.0,40.0,2.0,24.0,20.0,111.0,5.0,106.0,20294.0,521.0,3101.0,87.0,3022.0,836.0,655738.0,708032.0,728413.0,805437.0,613520.0,51878.0,83670.0,30416.0,4.51,80951.0,43974.0,62585.0,44385.0,0.11082915611241667,0.06881264048011397,1.612791302839299,1.4231949971574758
92104,2189.0,212.0,9.0,76.0,2189.0,46.0,9.0,35.0,58.0,231.0,9.0,222.0,32241.0,673.0,3755.0,95.0,2374.0,943.0,677132.0,744838.0,750800.0,851217.0,565633.0,73464.0,96805.0,49907.0,3.44,92570.0,58403.0,73392.0,52199.0,0.10879398877325429,0.19712216733788987,1.3177023072211258,1.2566262584754468
91941,1166.0,66.0,4.0,23.0,1166.0,27.0,1.0,13.0,22.0,71.0,4.0,67.0,9208.0,222.0,556.0,81.0,1303.0,486.0,651078.0,705751.0,694437.0,765902.0,629133.0,79587.0,106878.0,42677.0,2.83,93948.0,63148.0,79732.0,19702.0,0.06659560514161876,0.034881281253278315,1.342890888073579,1.2626011496619107
91942,1726.0,92.0,11.0,43.0,1726.0,26.0,1.0,18.0,40.0,104.0,11.0,93.0,13662.0,472.0,995.0,105.0,1471.0,526.0,613153.0,634949.0,654309.0,702800.0,572688.0,73556.0,94257.0,39865.0,2.91,84337.0,58381.0,72393.0,24830.0,0.06712179974362069,0.07065789634513671,1.2814144133121252,1.2399883525744235
92182,557.0,64.0,11.0,27.0,557.0,5.0,1.0,5.0,26.0,76.0,11.0,65.0,10932.0,543.0,1591.0,90.0,768.0,256.0,684126.0,788565.0,733817.0,862951.0,663811.0,70536.0,113621.0,34163.0,7.0,98465.0,58502.0,81619.0,22617.0,0.07263417464885906,0.03060354437702241,1.6108000056707827,1.3951250363229235
92108,1854.0,64.0,5.0,27.0,1854.0,6.0,2.0,25.0,23.0,70.0,5.0,65.0,7416.0,115.0,617.0,137.0,560.0,308.0,647172.0,744268.0,684855.0,835595.0,599766.0,103394.0,127893.0,62051.0,2.26,123488.0,82331.0,92992.0,12785.0,0.05822708920180539,0.0790406941362229,1.2369360220513566,1.1294757809843075
92106,1284.0,100.0,21.0,54.0,1284.0,18.0,5.0,9.0,65.0,123.0,21.0,102.0,6660.0,185.0,361.0,49.0,1291.0,466.0,1038570.0,1170586.0,1121773.0,1225813.0,1008819.0,124438.0,175824.0,70895.0,4.78,162171.0,102426.0,119281.0,14812.0,0.08011296290768759,0.02949089034713824,1.412933244400871,1.1645464574770323
92120,1195.0,66.0,2.0,46.0,1195.0,13.0,4.0,16.0,33.0,71.0,2.0,70.0,8976.0,307.0,535.0,84.0,624.0,243.0,585183.0,648762.0,646696.0,775593.0,577475.0,86884.0,115813.0,52131.0,3.65,102483.0,69770.0,85143.0,13706.0,0.10511736479466288,0.013347740858494552,1.332945847959947,1.2203207636410542
92103,2948.0,240.0,17.0,94.0,2948.0,36.0,6.0,30.0,95.0,260.0,17.0,243.0,17745.0,684.0,1202.0,114.0,803.0,384.0,901748.0,1031039.0,952765.0,1114814.0,780818.0,98780.0,134084.0,76096.0,2.93,127551.0,78801.0,95595.0,26698.0,0.05657561028623264,0.15487584190446185,1.3573865419463258,1.2131037283317683
92020,1777.0,72.0,10.0,27.0,1777.0,35.0,10.0,30.0,22.0,83.0,10.0,73.0,16925.0,484.0,1899.0,117.0,3101.0,888.0,431276.0,445869.0,497444.0,588664.0,420862.0,52082.0,69658.0,23235.0,3.73,63846.0,44099.0,55369.0,41074.0,0.15342343783693543,0.0247443942565633,1.3374421596298216,1.255532879818594
92021,1084.0,72.0,10.0,15.0,1084.0,33.0,15.0,15.0,9.0,85.0,10.0,75.0,12906.0,582.0,1416.0,96.0,2043.0,485.0,502987.0,530536.0,592079.0,642070.0,462715.0,58729.0,86245.0,28089.0,5.32,72579.0,50249.0,65419.0,31059.0,0.17712549802380972,0.08703394738889514,1.4684999148646347,1.3018706467661691
92119,378.0,23.0,1.0,12.0,378.0,9.0,3.0,4.0,8.0,25.0,1.0,24.0,7856.0,399.0,418.0,39.0,1103.0,299.0,610791.0,623118.0,630383.0,676523.0,627296.0,99981.0,124245.0,47421.0,2.6,116801.0,80122.0,92247.0,16035.0,0.0320763860692347,-0.026311300707639283,1.2426736812626273,1.1513173495750284
92123,2503.0,143.0,8.0,57.0,2503.0,18.0,6.0,13.0,35.0,154.0,8.0,145.0,2184.0,41.0,152.0,267.0,97.0,61.0,583971.0,583529.0,633717.0,659378.0,483468.0,96723.0,116958.0,57898.0,1.44,116949.0,78700.0,88581.0,4098.0,0.08518559108998376,0.20787889192481834,1.209193168189901,1.125538430261369
92040,535.0,32.0,1.0,11.0,535.0,10.0,3.0,2.0,13.0,35.0,1.0,34.0,6642.0,258.0,398.0,46.0,1061.0,285.0,491694.0,586625.0,584759.0,719524.0,470346.0,74544.0,92093.0,33274.0,2.84,89272.0,58477.0,71258.0,13885.0,0.1892738384567669,0.04538776690400917,1.235401435374606,1.218543725845617
92071,299.0,20.0,0.0,9.0,299.0,6.0,1.0,3.0,6.0,22.0,0.0,22.0,8558.0,150.0,275.0,45.0,1492.0,365.0,581075.0,605439.0,629124.0,678658.0,559539.0,104790.0,123625.0,40118.0,1.89,111216.0,84508.0,94042.0,18665.0,0.08268969979830522,0.038488758623154734,1.1797291752154289,1.1128045533611806
92124,340.0,24.0,1.0,12.0,340.0,9.0,0.0,3.0,10.0,26.0,1.0,25.0,7180.0,142.0,377.0,30.0,1916.0,562.0,680034.0,709406.0,729219.0,756340.0,692894.0,107364.0,149520.0,51348.0,3.08,123267.0,88172.0,105552.0,17469.0,0.07232715963148956,-0.01855981064952121,1.392632608391934,1.1971011534143106
92131,482.0,32.0,2.0,14.0,482.0,12.0,3.0,7.0,12.0,36.0,2.0,34.0,7385.0,127.0,204.0,18.0,2151.0,593.0,850866.0,878047.0,883512.0,928413.0,852315.0,164461.0,213017.0,73449.0,2.64,181350.0,124390.0,143074.0,14652.0,0.038367923541517066,-0.0017000736815922734,1.295235373520935,1.1501957537120853
92111,3069.0,238.0,10.0,84.0,3069.0,35.0,9.0,35.0,53.0,250.0,10.0,239.0,3788.0,73.0,305.0,174.0,302.0,106.0,603689.0,601748.0,632884.0,655003.0,583587.0,97258.0,120343.0,51841.0,1.88,113806.0,79015.0,89974.0,7762.0,0.04836091371399228,0.03444553349280657,1.2373456441049158,1.138680773514225
92117,814.0,85.0,5.0,16.0,814.0,16.0,3.0,9.0,8.0,91.0,5.0,86.0,9911.0,274.0,1076.0,57.0,1227.0,335.0,634672.0,695242.0,674990.0,784543.0,657214.0,96331.0,122826.0,46486.0,2.79,114205.0,77807.0,90770.0,18638.0,0.06352562658250785,-0.03429927801404411,1.2750280280695927,1.166589553773391
92037,2102.0,129.0,18.0,73.0,2102.0,17.0,2.0,60.0,65.0,147.0,18.0,129.0,4670.0,96.0,119.0,139.0,460.0,121.0,1845925.0,1732282.0,1869177.0,1776552.0,2000001.0,130716.0,201982.0,95172.0,2.69,198985.0,105296.0,130151.0,8563.0,0.012596387937544626,-0.07703792296207704,1.5451854005217378,1.2360371140678272
92145,826.0,42.0,4.0,17.0,826.0,5.0,2.0,10.0,14.0,46.0,4.0,42.0,467.0,10.0,117.0,49.0,338.0,139.0,500000.0,537500.0,625000.0,625000.0,625000.0,54052.0,82491.0,19913.0,4.75,66610.0,45958.0,62087.0,5033.0,0.249999500001,-0.199999680000512,1.5261132592085547,1.3509214734872386
92122,671.0,21.0,2.0,18.0,671.0,3.0,3.0,2.0,11.0,25.0,2.0,23.0,7345.0,161.0,225.0,45.0,969.0,268.0,819661.0,861550.0,863202.0,918987.0,809860.0,115453.0,160230.0,65961.0,2.33,136508.0,95825.0,110629.0,14820.0,0.05312067657156243,0.012102076776138128,1.387825454293485,1.1544779078746896
92093,911.0,67.0,8.0,22.0,911.0,5.0,1.0,2.0,24.0,76.0,8.0,68.0,9155.0,292.0,801.0,105.0,556.0,340.0,655394.0,838745.0,700696.0,901325.0,589628.0,78168.0,110881.0,37057.0,3.49,,61474.0,79981.0,10499.0,0.06912167471524806,0.11153793317492865,1.4184779132392638,1.3010329402196015
92121,1673.0,47.0,2.0,23.0,1673.0,11.0,2.0,10.0,20.0,49.0,2.0,47.0,547.0,0.0,46.0,198.0,87.0,24.0,608382.0,603030.0,618952.0,617337.0,610417.0,109512.0,122559.0,40814.0,1.7,125415.0,90444.0,96740.0,912.0,0.017373923991959014,-0.0033337811139252118,1.1191274095312884,1.069600309580408
92126,790.0,79.0,2.0,26.0,790.0,17.0,3.0,9.0,21.0,87.0,2.0,84.0,16337.0,324.0,1000.0,42.0,2351.0,739.0,615850.0,646380.0,661548.0,734655.0,595284.0,111112.0,136763.0,47032.0,2.21,123965.0,91035.0,101062.0,32286.0,0.07420301339122612,0.034548157605180714,1.2308460756167146,1.1101322553715014
92065,660.0,35.0,1.0,18.0,660.0,22.0,2.0,8.0,14.0,39.0,1.0,38.0,4503.0,125.0,253.0,97.0,813.0,201.0,621367.0,685027.0,744348.0,825279.0,486821.0,85450.0,107497.0,35476.0,2.92,89520.0,69556.0,82492.0,9156.0,0.19791975125851347,0.2763761703456294,1.2579958104644766,1.18596259183116
92064,727.0,53.0,3.0,28.0,727.0,15.0,4.0,5.0,19.0,58.0,3.0,55.0,7440.0,160.0,611.0,41.0,1308.0,275.0,611049.0,624550.0,676959.0,779263.0,608529.0,103746.0,131959.0,44948.0,2.49,122367.0,83259.0,96013.0,13918.0,0.10786351362408968,0.004141126978127619,1.27193075462423,1.15317079029546
